{"cameraMode":{"drawMode":0,"name":"Shaded","section":"Shading Mode"},"sceneLighting":true,"audioPlay":false,"sceneViewState":{"showFog":true,"showMaterialUpdate":false,"showSkybox":true,"showFlares":true,"showImageEffects":true,"showParticleSystems":true},"in2DMode":false,"pivot":{"x":12.728172302246094,"y":-7.85676908493042,"z":10.155142784118653},"rotation":{"x":0.36650675535202029,"y":-0.01674879528582096,"z":0.006601629313081503,"w":0.9302576184272766},"size":60.146244049072269,"orthographic":false}