{"cameraMode":{"drawMode":0,"name":"Shaded","section":"Shading Mode"},"sceneLighting":true,"audioPlay":false,"sceneViewState":{"showFog":true,"showMaterialUpdate":false,"showSkybox":true,"showFlares":true,"showImageEffects":true,"showParticleSystems":true},"in2DMode":false,"pivot":{"x":-57.193519592285159,"y":-38.91849899291992,"z":-48.51076126098633},"rotation":{"x":0.07404005527496338,"y":-0.9049365520477295,"z":0.17620572447776795,"w":0.3802487850189209},"size":157.06295776367188,"orthographic":false}